x1,x2,y
0.6850022588,0.4453237216,0
1.0347493214,-0.4717362646,1
1.5170371793,-0.3582925234,1
0.9174231839,0.6248002887,0
-0.5359018895,1.1102725931,0
1.2449889803,-0.1926140782,1
0.5558685780,-0.7722505664,1
1.4139540059,-0.5268048519,1
-0.5924617089,0.5788925256,0
0.8165821652,-0.4702579297,1
0.2749697171,0.1058686432,1
0.6567767575,0.4565550501,0
0.8145657779,0.6421269466,0
-1.3772647752,0.2110668591,0
-0.8206403863,0.6439919984,0
1.4673781692,-0.3242245262,1
0.5152897269,0.5704950176,0
-0.7881058687,0.8501718501,0
1.4387186796,-0.3853055362,1
1.4758525856,-0.3505335538,1
0.8787542295,-0.2822358112,0
-0.5976936655,0.8814011655,0
0.5141690247,-0.3591540939,1
0.1841865046,1.1374375196,0
1.5313058086,-0.1434616563,1
0.8002031928,-0.1996646309,1
1.7642605997,-0.0728684380,1
0.2164197491,0.9756008657,0
-0.0400570870,0.1950715414,1
0.8750257502,0.1923623779,0
-0.1821189271,0.0013447652,1
0.4773384457,-0.9411195589,1
1.3286028783,-0.3697013055,1
-0.6649101914,0.8865407114,0
0.2157303991,-0.3872323018,1
1.6848475026,0.3657078589,1
-0.7025984577,0.1398000530,0
-0.9188614986,0.5710241231,0
0.5560272693,0.7919520713,0
1.7133021270,0.1886562925,1
0.5712512236,0.8127233191,0
0.4470187718,-0.3662416784,1
1.1908593033,-0.5415955531,1
0.0728205324,0.0896647737,1
0.2485081225,-0.0560633004,1
1.8349203416,0.5394890488,1
-0.2130955185,1.3177437689,0
0.0730159350,0.1167544667,1
0.1144789540,1.1801985602,0
0.8488925225,0.2334619393,0
1.1141538533,-0.5290033730,1
-0.1307031692,-0.0615877778,1
1.2521822125,0.1124759404,0
0.3388285100,1.0494707660,0
1.4841736280,0.5807237506,1
1.8974767498,0.2511253275,1
-0.8400769563,0.5967765394,0
-0.7159761437,0.7039041247,0
0.3827474861,-0.0860441815,1
0.8829791723,0.5477796347,0
0.2286886305,0.1801969465,1
1.4142289750,-0.0701016771,1
0.9086737841,0.1708736808,0
1.9024544505,-0.3895252095,1
-0.8327213452,-0.0165191463,0
-0.9200342082,0.7055019977,0
0.2011505256,-0.2135777157,1
1.6693113926,-0.2473256675,1
1.7473317147,0.5293338852,1
1.2848900537,-0.4696980443,1
-0.7153337600,0.0161333662,0
1.9402466428,-0.0105130565,1
0.4534006505,0.0649253909,1
-0.2088502231,0.8355834148,0
-0.1458928954,1.1838845585,0
0.3280275211,0.1466244578,1
1.1088337115,0.2310295235,0
-0.0498548601,0.8585944898,0
0.9571514132,1.0777123872,0
0.9511398065,0.3670621827,0
0.7172220840,0.2699607372,0
0.1035099850,0.9045843454,0
2.1650795610,-0.0716129182,1
-1.3227655547,-0.0860044106,0
0.7004269155,0.1963930811,0
1.8927170040,-0.2491991178,1
0.2542848666,-0.5754322945,1
-0.1118951108,0.2931377823,1
1.5695282780,0.0232869044,1
0.8037462008,0.9071806389,0
1.6305487251,0.2696364656,1
0.2814477640,0.6498574458,1
0.2319515181,0.7482919104,0
1.0112862406,0.2257513391,0
0.9844725893,-0.3589029100,1
-1.1316604332,0.7479872557,0
0.7772758663,1.0377072740,0
0.7595794078,-0.3778509868,1
0.1317747289,0.2948377751,1
0.9902103046,-0.1066166430,0
-0.5448885899,0.8165413157,0
0.8957136342,0.6690695708,0
0.4209578698,-0.0103533568,1
-0.8189859986,0.4047506036,0
-1.0184250070,0.8290635115,0
2.2969593094,-0.1938530390,1
0.1855650921,-0.4000655833,1
-1.0408844277,0.4388464362,0
1.6597970410,-0.2099906311,1
0.9416395870,0.9899360066,0
-0.4401366556,1.2751587458,0
0.9049344629,1.1753149593,0
0.2641557474,0.1891405980,1
-0.0583924676,0.0451317348,1
-0.0394688878,-0.3915028758,1
-1.0387727586,0.4823168357,0
0.7576180352,0.1833154306,0
0.0959157001,0.9245729752,0
-1.0236633380,0.4708918058,0
-0.3371705765,0.2152301718,1
-0.8336519323,0.6227226080,0
1.9396512187,0.0392827365,1
-0.7440805846,0.8497879841,0
2.0681343090,-0.1179355665,1
1.5447238410,-0.0459838221,1
2.2036366167,-0.0031653997,1
2.3762943729,0.3366695056,1
-1.1747223228,-0.0576008326,0
-1.2735003950,0.6189520443,0
-0.9940843962,-0.0526570269,0
0.3249744373,-0.2145807007,1
2.1851603138,0.2908027517,1
0.2103738683,-0.4794009038,1
0.2144811520,-0.5341003660,1
1.9029118187,-0.1207992295,1
1.9017165454,-0.0220682543,1
0.9340756272,0.3190423244,0
0.5030431672,-0.4077080647,1
1.8998747102,-0.1917377944,1
1.5224804481,-0.2894990855,1
2.0201218567,-0.1946516338,1
1.6666063080,0.1407515515,1
0.1592599044,0.0809393259,1
-0.8378282682,0.5643700326,0
0.4510340814,0.5563633663,1
1.8826586794,0.3881663785,1
0.8211195804,-0.4814023616,1
-0.9175332487,0.7506983225,0
-0.4249947595,0.7660395770,0
1.7981193717,0.9584991546,1
1.1190096022,-0.2154614282,1
2.2479032242,0.0239548544,1
1.7576363959,-0.1405948917,1
0.8358046487,-0.6968503903,1
2.0373498528,0.2306846748,1
-0.6541779532,0.8232455013,0
0.1259740086,0.3315207477,1
0.9658901267,0.6053979054,0
-0.0806502889,0.3174651150,1
-0.0091290261,0.5136656039,1
-0.0927753917,1.0608913777,0
-0.7037958434,0.4646166720,0
1.5833115571,-0.3862673196,1
0.5255826919,0.2470912457,0
2.3185979569,-0.0989445702,1
0.7955762151,-0.6447530369,1
1.5099525129,-0.5513564843,1
1.4128485320,-0.4249786163,1
-1.1320585094,0.4296746130,0
-0.6561509671,1.3186593381,0
0.1427803401,1.4183199072,0
0.0251070601,-0.1722533657,1
1.2105374819,0.4843458584,0
-0.9537938361,0.2346904145,0
1.1899971499,-0.6645938033,1
1.0878533402,0.2030297133,0
1.0147212742,0.3184627564,0
0.2799790095,-0.1158302649,1
0.2955910526,-0.5172971948,1
1.2022083520,-0.4327332388,1
0.7397767712,0.6618732432,0
0.7525641507,0.6894186327,0
0.3511499512,0.1804281461,0
-0.3253040986,0.0100216934,1
1.4450939735,-0.3942339292,1
-0.7828756109,0.5395754023,0
0.3531764971,0.7029303475,0
1.9609157092,-0.3906607331,1
1.9539954376,0.1357872383,1
-0.7763880834,0.4741758430,0
-0.0451687107,1.5693059017,0
1.0625282812,0.4601160230,0
-0.0084644072,-0.3416876354,1
-0.0151944660,-0.1536504169,1
1.9518749706,-0.1267526136,1
0.6110647315,-1.1169467328,1
0.5934992376,0.6971297110,0
0.9789756665,0.6796576109,0
1.0285467211,-0.5635281978,1
1.2193248669,0.1161016460,0
1.4773383193,-0.3884050919,1
1.6781766457,0.8876201540,1
2.3491573121,0.2369312501,1
1.5017285562,-0.7572663281,1
0.5319062923,-0.3806081316,1
0.6234749062,-0.5386679184,1
0.1614005907,1.0798474738,0
1.8258495284,0.0613844736,1
-0.2787194832,1.0635457854,0
0.0486461932,0.6755674844,0
1.0273066830,0.2314688373,0
1.0725518895,0.6262972164,0
1.0049295778,0.2448543804,0
1.0163463300,-0.3530891122,1
1.8590284353,0.5990761803,1
0.8697254112,0.6804514894,0
1.4976486735,-0.2764266363,1
1.1868122507,-0.2784273146,1
1.5260565327,-0.2521547870,1
2.2890916528,0.3109561920,1
-0.4664851015,0.7964084977,0
-0.6348560692,0.3470867454,0
1.4549153616,-0.3770391469,1
1.9311884040,-0.0298894156,1
1.9202525800,-0.5525906725,1
0.7270286994,-0.3913534310,1
0.4627358411,1.0093785495,0
0.4917464406,-0.5020742529,1
2.0935987217,-0.0174508957,1
-1.3375316582,0.0012595347,0
-0.5970508232,0.3274704508,0
0.6603155914,0.7656693992,0
2.0213686364,-0.0025973861,1
1.1432263112,-0.7958951811,1
-0.2831048315,0.2425131318,1
1.4912973082,-0.6786351544,1
1.2280685941,-0.2738613240,1
1.9233060950,0.0147049638,1
0.2323686197,0.8063809417,0
0.7926553110,0.7206079929,0
-0.8749162436,0.8590104966,0
0.2366610390,-0.1000832041,1
-0.8485732223,-0.0788079790,0
1.9482722610,-0.4844752172,1
0.4461287189,0.5555216742,0
-0.1895675748,0.2874083365,1
-0.9680903276,0.0006472558,0
-0.2422418517,0.3609724400,1
-0.7254394273,0.4317493785,0
1.9332226161,0.0192050411,1
2.0958170547,0.1463273535,1
0.5291333112,-0.4539556794,1
0.4145819372,-0.3738491104,1
0.1508765271,0.4568218663,1
-0.5578139385,1.2907121928,0
1.3640764175,-0.1513181863,1
0.8989308342,0.7777397263,0
0.4973398590,-0.3708966249,1
0.0793314252,0.4320518645,1
1.7219574357,0.1606061906,1
0.9610886218,-0.0327374036,0
1.5072572955,-0.2582711007,1
0.2905225216,0.4098071744,0
0.0311834431,0.8082855249,0
-0.4230268691,0.9410618036,0
-0.8164807908,0.4384228453,0
-0.7273871171,0.0809668530,0
0.6428758532,-0.4312185764,1
0.2606323400,-0.5644536053,1
0.5364246487,1.2193193983,0
0.4655850952,0.7150970654,0
-1.0745637692,-0.0226920500,0
1.5022897637,-0.6671251176,1
1.4226670561,-0.2229327737,1
0.2643468984,0.8310968594,0
2.0806205732,0.1645733252,1
-1.0143749054,-0.0654508011,0
-0.3543308842,0.8571384345,0
-0.9252484605,0.4426374617,0
1.7859364194,0.0009458404,1
1.0304953984,0.4188143975,0
-0.6168157634,0.6325747730,0
-1.0547144059,0.1125958864,0
0.2083523712,-0.5933090428,1
-0.2279485202,0.9894903266,0
0.9144851717,0.5249045248,0
0.4198537177,0.8879719894,0
1.8131560310,0.0713192798,1
0.9376448219,-0.2159458414,1
0.2609509527,0.8263432478,0
0.5738328628,-0.6884875743,1
0.2400866739,0.1433867168,1
0.8414090177,0.7933288765,0
0.9030161726,-0.3969461508,1
1.1925557144,-0.6672359696,1
0.3804167348,-0.2615573252,1
0.0147736323,0.0987043789,1
1.3986862906,0.2652494864,1
1.5405284669,-0.1376058283,1
0.8455110695,0.6636582028,0
1.1847903464,0.5861156649,0
1.9816891898,0.1947099141,1
-0.2063583653,0.9656802489,0
0.8510997833,-0.3228027824,1
0.4633621904,0.7554290811,0
1.9901884366,0.2457805662,1
-0.8750514405,0.8535035421,0
1.9367910686,-0.1643751834,1
0.1752219078,0.4583930136,1
0.9051029149,0.5779626485,0
1.3833831495,-0.3311386204,1
1.1215170431,-0.4354071738,1
0.1686466109,0.0704495241,1
-0.2284334610,0.1340918052,1
0.9903653555,-0.6708405764,1
0.6427559674,-0.5586389701,1
-0.7793321865,0.6413612559,0
-0.5087730087,0.3461938804,0
1.8580440056,0.5854230782,1
-0.3265841862,0.9606404481,0
0.1060097697,0.2446590620,1
2.4039500421,0.0247269540,1
0.2956372032,-0.3046285596,1
-1.1294131992,0.0593189688,0
0.3030581631,0.8831916455,0
2.1320349414,0.1494544033,1
-0.9585730836,0.5773835400,0
0.9511561192,0.1825780052,0
1.6108078610,-0.1483768056,1
-0.5647207947,0.7598299051,0
0.1728012480,0.9732802661,0
0.8092178119,0.1615839254,0
1.1183721818,-0.3512577021,1
-1.1137383279,0.0701551681,0
1.6930001989,-0.4900699743,1
-0.7634349632,0.7563963620,0
-1.0254177516,0.1016427976,0
-0.7778568249,0.7642073468,0
0.5327416325,-0.3285295605,1
0.2351573057,-0.1676015556,1
0.8698121658,-0.8219116521,1
1.0483403610,0.1958811702,0
1.2667618996,0.0082922589,1
0.3652393519,-0.3842851309,1
-0.6436120088,0.4664654427,0
0.1137975832,0.7473926340,0
2.2672053401,0.5949048109,1
-0.0977351153,0.8781233845,0
0.2672589533,0.2007710848,0
0.1488810442,-0.2930859317,1
0.6430748826,0.6125696995,0
1.9556264012,0.0334996761,1
0.3219347943,0.3035495375,1
-0.1129970093,0.8002340040,0
0.1447602108,-0.0755285662,1
0.2852156513,-0.2353987191,1
-0.4451688424,0.6043265430,0
-1.4305998242,0.1610920456,0
-0.7488569113,1.0318271981,0
0.9308024935,0.2362089048,0
-0.1360476570,1.3049347804,0
-0.2172097690,0.9022530698,0
-0.3573125190,0.4331196426,0
1.2492853898,-1.0080038958,1
-0.8609357192,0.0772326444,0
-0.1379328871,1.1622124460,0
-0.4676000619,-0.1590540893,1
1.0139660056,-0.3166929014,1
1.1205401922,0.1372673460,0
0.2003849234,1.1677127271,0
0.2408867270,-0.3230534970,1
-0.5946868117,1.0281693241,0
1.6563984385,0.0505456649,1
-0.9360200482,0.8192740158,0
1.1359545921,0.3262972121,0
0.3342956533,-0.1878798741,1
1.4222159387,-0.5288073404,1
1.6926366361,0.3069001168,1
1.4073257217,-0.5192347780,1
1.8756668188,-0.2082705040,1
0.0561983978,0.1313677186,1
0.8836379890,0.7847754745,0
1.4411604117,-0.1340863641,1
1.8925295947,0.2130528123,1
0.5499166456,0.9154797914,0
0.5900271393,0.9615492165,0
-0.5141015641,0.7714077518,0
-0.4545579169,0.5728278458,0
0.7034007626,0.6696982081,0
1.8208052971,-0.4446987955,1
-0.3369556102,1.0132744191,0
0.0385828840,-0.1597751754,1
0.4965852169,0.5992357698,0
-0.5066671573,0.6805388026,0
0.8386026536,-0.2826339293,1
-0.0947821931,-0.1109240185,1
2.0755275772,0.3491172464,1
0.3633253511,-0.2969210164,1
1.2879032821,-0.0165041850,1
0.6864683396,-0.3743450729,1
1.8863262989,-0.2381135218,1
0.3347475721,0.0334407582,1
2.2776187042,0.6107324681,1
-0.8831296122,0.2483644649,0
0.7076496450,-0.9748313867,1
0.5741731969,-0.1004626085,1
-0.9943298421,0.2473610460,0
1.4313980777,-0.3531769770,1
1.9726370372,0.1204579056,1
1.6674825402,0.0264014776,1
1.6841160294,0.5266964873,1
-0.5923715659,0.5407688041,0
1.6796454287,-0.3419062959,1
0.1610842955,0.1416696028,1
0.8833328208,-0.5188336631,1
-1.0735257919,0.1158110913,0
0.0750846491,0.1998774381,1
0.4637156510,0.9788605318,0
1.9111323732,0.5759510897,1
1.1696490106,0.1447831932,1
-0.7369237686,0.4667639845,0
-0.7841973766,0.2368957481,0
1.0362843146,0.7104140373,0
-0.4966837012,0.4763929204,0
-0.2141912365,0.3418370951,1
0.6475065591,-0.1160330669,1
0.3107954333,-0.3596982093,1
0.3102016976,0.8862539560,0
1.2128231659,-0.3882152030,1
0.1785593841,1.3929593185,0
0.1701342753,0.3716835171,1
-0.9217992591,0.1446065491,0
-0.2952215541,0.1494168230,1
0.4932886642,-0.2643084369,1
1.6176237120,-0.3624485774,1
0.2204861249,0.2280065187,1
1.2426356777,-0.3015172587,1
0.1791064791,0.3354603883,1
1.3653392021,0.3288083893,1
-0.7347580293,0.5887783869,0
1.3615698137,-0.2837368674,1
-0.6654775807,0.1690048233,0
-0.5694719469,0.6287330363,0
-0.5971021828,0.8397802010,0
0.3873968965,-0.3362151220,1
-0.3442507736,1.0099613214,0
0.2804513442,-0.4219696999,1
-0.0367563363,-0.1068308186,1
1.7540133513,0.2145145740,1
-0.8951073013,0.3399013501,0
0.1983055286,0.5907078905,0
0.2850834249,0.1143538748,1
0.1955408136,0.5240188712,1
1.0883541339,-0.4688543933,1
0.0676755807,0.2684924301,1
-0.1597687548,0.1057244718,1
-0.0114108589,-0.3044229373,1
1.3339314125,-0.8361737342,1
1.7138158296,0.1710994517,1
1.3986241846,-0.1591053647,1
2.1388779805,0.4203490661,1
-0.3197788597,1.0095606286,0
0.7021682621,0.6825927018,0
0.7315012476,0.1754357981,0
0.0897352693,0.9975131367,0
-0.6604414797,1.0735411911,0
-0.3921315351,1.0378000368,0
0.1429549603,0.3093014302,1
2.0460435876,0.2094159793,1
-0.4958893565,0.8184534403,0
-0.6519211183,0.7818583237,0
0.6177228393,0.9951051846,0
0.8408117500,0.4657170924,0
0.6745724522,0.3777778085,0
2.3186256083,0.6535545159,1
0.8574027930,0.7223601941,0
-0.0232285181,0.3072926640,1
-0.7128319194,0.2720567990,0
1.6752452894,-0.4581463861,1
1.1595213982,0.7598296757,0
0.5516487759,0.0613589540,0
1.3461681238,-0.6578219032,1
1.5394821193,-0.2804874612,1
-0.3653276855,1.1043579560,0
-1.1648203290,0.2588051145,0
0.1467536219,0.7249545278,0
-0.1737805465,1.4313227199,0
-0.7259523201,1.0100573398,0
0.3235731037,0.9749202819,0
-0.2301014309,-0.0904370367,1
1.8472205805,0.4155150921,1
1.5911160580,0.2132922613,1
1.0962896836,-0.4883493117,1
0.1694598912,-0.0972648908,1
2.1426887907,0.6316990105,1
1.9675540952,0.6072638211,1
0.3980131584,0.7650868438,0
2.0106884116,-0.0846067471,1
0.9331453082,-0.2932787419,1
0.4057803635,-0.2635664218,1
0.0673823674,0.8202675821,0
-0.7444839021,0.6001571342,0
2.0390534686,-0.0397371436,1
0.9708371247,-0.1906423849,1
0.8220309386,1.0323565822,0
1.5756951331,0.1409057297,1
-0.9496246086,0.5073948161,0
-0.0277949914,0.7821805567,0
0.9399462404,-0.3766015901,1
1.1406589780,-0.2903281555,1
0.3577664059,0.5769254413,0
1.0555524693,-0.2333602752,0
0.2741072342,-0.2761959289,1
0.6576890301,0.7095063760,0
1.1723854368,-0.8895275378,1
-0.0805971027,1.1140797880,0
0.3630940394,0.5928846106,0
-0.2083196939,0.6791865836,0
0.4006084953,1.1122475645,0
-1.3406826522,0.4879032319,0
0.4890202394,0.3423178309,0
0.7046440729,0.3404974469,0
-0.7460512892,0.7610077193,0
1.8060516055,0.0524855105,1
0.9776881280,0.3485733068,0
1.1265851323,0.0550901352,0
-0.0151837274,0.6232870037,1
0.1172891821,0.9373980772,0
0.7908559850,0.3879093316,0
-0.7736458402,0.8294336698,0
0.3837081177,-0.2432421969,1
-1.1781641250,-0.1921776744,0
0.0558314415,-0.2130626958,1
-0.8028373642,0.5891840515,0
0.4500408535,-0.2955895957,1
0.8028824928,1.0139365035,0
-0.3427412169,1.1381760981,0
1.1490873621,0.7107865978,0
-0.3355014711,0.0223856960,1
-0.2189767643,0.8218618198,0
0.8330918322,0.6537929220,0
1.6264949105,0.2275765979,1
0.6310984909,0.6300411379,0
1.4796796282,0.0773293700,1
0.7313165674,-0.1241437759,0
2.2064657051,0.2443552102,1
1.9463952370,-0.2177548897,1
1.2555450363,-0.0295810233,1
-0.0520609512,1.1062414112,0
0.7573822226,0.4890134918,0
0.5070808093,0.8263305911,0
-0.5844905437,0.3695750059,0
1.0721420311,-0.0754968001,0
-1.2620237534,0.2424132709,0
0.8282892025,-0.1775925881,0
0.8833115610,0.3803859837,0
2.2271607599,-0.1759819809,1
1.8820785800,-0.0668560491,1
0.9474302710,0.2529712296,0
2.1936377078,0.1327806934,1
-0.6785741416,0.1197085387,0
-0.0373919233,1.5187041900,0
2.0278394676,-0.0561804458,1
1.7565323389,0.3925289891,1
-0.9769697590,-0.0070557419,0
-0.6118070418,0.7210239096,0
1.0414710686,-0.7087278972,1
-0.8934832684,0.6553559382,0
0.6549378456,0.3146467474,0
-0.7493123998,0.4376325581,0
1.2324057842,-0.9233802006,1
0.2648041903,0.7709590295,0
-0.8645608815,0.5149896119,0
-0.0677081066,-0.4733973548,1
1.9726777931,-0.3307989991,1
1.2432126497,-0.4426085996,1
0.0130253096,0.2965204330,1
0.6766833946,0.5975562505,0
1.6262878407,-0.1772034967,1
1.4929718086,0.5410579973,0
1.8892493731,-0.1221761206,1
1.3244577770,-0.4563424362,1
-0.4056811070,0.9175559098,0
0.6708774130,0.2053448550,0
0.8482441464,1.0026896586,0
2.0091550981,0.1082421615,1
-0.7837778991,0.5881636765,0
0.6539853269,0.8946039752,0
-0.7981924757,0.4152525304,0
0.5161099326,0.0533767903,1
0.2879674139,0.0325971016,1
0.8973167734,0.2468715461,0
0.2829754766,-0.2090926579,1
1.4298149062,-0.1058907951,1
1.5014456641,-0.6192419453,1
-0.0469632372,-0.3547279604,1
0.9161366926,-0.6807238370,1
-0.3202503753,1.0722258753,0
0.6266599579,1.1357830491,0
-0.4251895654,0.9140659509,0
1.5435878669,-0.6191142086,1
1.6621047320,-0.2847048260,1
0.4587653410,-0.2581547866,1
-0.1727027179,-0.0285558623,1
1.7970314205,0.1012020996,1
1.7751200209,0.4371319604,1
1.8001523804,-0.1270719969,1
0.6278706042,-0.0106266354,0
1.4465352705,-0.2162416286,1
1.1912672888,-0.3025899554,1
2.3936193424,0.0907375553,1
2.0087919415,0.5449544516,1
-0.9268196460,-0.0427110776,0
0.3462073249,0.7565452319,0
1.1090064248,0.5586192715,0
1.0713382029,0.5541706813,0
1.0334517154,0.2063034597,0
-0.8950098452,0.6870103955,0
-0.4849323258,0.5145277370,0
1.0082276605,-0.3728094682,1
0.3153934065,0.0627765656,1
-0.4657216805,1.1402410371,0
1.4873060025,0.1311963912,1
2.1268284896,0.3458382884,1
0.4932655056,0.0843906371,1
0.8308016716,0.6513996915,0
-0.4524259596,0.8296944660,0
0.6400729557,0.8687298302,0
-0.5562624562,0.6461374803,0
0.0510007189,0.2083277563,1
0.8340817231,0.6788876276,0
1.2468913663,-0.7709065088,1
1.0355858315,-0.8134742172,1
-0.3531685062,0.8971263403,0
0.9838214223,0.8366437175,0
1.4190928496,-0.2537610611,1
-0.6636454887,0.7899476124,0
-0.7252714250,0.8679405890,0
1.4473292813,-0.3640827224,1
1.4006933594,-0.6120457097,1
1.7986601588,0.2762880310,1
1.0628099871,-1.0325452273,1
0.5962663924,-0.4567249045,1
0.4995796002,0.0688485044,1
-0.3299515803,0.4734653398,0
0.3855379587,-0.1516224974,1
0.7355731696,0.6560765037,0
0.8807974662,-0.3013778276,1
0.0757840190,0.7934205829,0
-0.9999295092,0.1912573745,0
2.2523947424,-0.3348247026,1
2.3485026201,0.1712101352,1
-1.2956209380,0.6483616788,0
0.1202363018,0.8937758352,0
0.6423708854,0.1730286643,1
0.5734995731,-0.6004592562,1
-1.1413023136,0.2385960787,0
2.2045649638,0.3884675018,1
1.8668381935,0.1078186600,1
0.6300517063,-0.1138021705,1
0.0154035273,-0.4388545495,1
-0.3375951712,1.1076347942,0
1.5253025162,-0.3304542846,1
0.1864655048,0.8376841595,0
1.0808744941,0.3544852425,0
-0.4011035718,0.3936955519,0
1.7534755518,0.2222569061,1
0.9275380032,0.3648706251,0
2.5370940459,0.1859737326,1
-1.2691503387,0.0212203463,0
0.3874359556,0.9777804066,0
0.7623273921,-0.5130746477,1
-1.6837335782,-0.2436157111,0
-1.0648957513,0.1478640542,0
0.4038468282,1.0982972042,0
0.0351780984,0.8886524207,0
1.1328866231,0.2146320194,0
-0.7677797506,0.4639153524,0
1.1737780176,0.6305058545,0
-0.4446453681,1.0663609603,0
0.9877261988,0.2609891756,0
1.8724642996,-0.1714096400,1
1.3339232563,-0.5488100901,1
1.1708866778,0.4556939751,0
0.6046275887,-0.4687789541,1
2.0429198439,-0.4114094531,1
0.6631088598,-0.6649072684,1
1.0446189248,0.3754350513,0
0.9037550756,-0.7202007505,1
1.7960029070,0.6856577294,1
-0.3308823660,0.7392910371,0
1.0738562332,-0.4128462653,1
0.7787203947,-0.4260540271,1
1.9584029147,0.5541810275,1
-1.0230671834,0.2271453354,0
2.1020719500,-0.3431291609,1
0.7263657826,-0.6138260696,1
-1.2129942180,0.7122358055,0
1.5122524440,0.1189815445,1
-0.7892609615,0.2907299910,0
